,status,duration,credit_history,purpose,amount,savings,employment_duration,installment_rate,personal_status_sex,property,age,number_credits,job,people_liable,telephone,credit_risk
0,1,18,4,2,1049,1,2,4,2,2,21,1,3,2,1,1
1,1,9,4,0,2799,1,3,2,3,1,36,2,3,1,1,1
2,2,12,2,9,841,2,4,2,2,1,23,1,2,2,1,1
3,1,12,4,0,2122,1,3,3,3,1,39,2,2,1,1,1
4,1,12,4,0,2171,1,3,4,3,2,38,2,2,2,1,1
5,1,10,4,0,2241,1,2,1,3,1,48,2,2,1,1,1
6,1,8,4,0,3398,1,4,1,3,1,39,2,2,2,1,1
7,1,6,4,0,1361,1,2,2,3,1,40,1,2,1,1,1
8,4,18,4,3,1098,1,1,4,2,3,65,2,1,2,1,1
9,2,24,2,3,3758,3,1,1,2,4,23,1,1,2,1,1
10,1,11,4,0,3905,1,3,2,3,1,36,2,3,1,1,1
11,1,30,4,1,6187,2,4,1,4,3,24,2,3,2,1,1
12,1,6,4,3,1957,1,4,1,2,3,31,1,3,2,1,1
13,2,48,3,10,7582,2,1,2,3,4,31,1,4,2,2,1
14,1,18,2,3,1936,5,4,2,4,3,23,2,2,2,1,1
15,1,6,2,3,2647,3,3,2,3,1,44,1,3,1,1,1
16,1,11,4,0,3939,1,3,1,3,1,40,2,2,1,1,1
17,2,18,2,3,3213,3,2,1,4,1,25,1,3,2,1,1
18,2,36,4,3,2337,1,5,4,3,1,36,1,3,2,1,1
19,4,11,4,0,7228,1,3,1,3,2,39,2,2,2,1,1
20,1,6,4,0,3676,1,3,1,3,1,37,3,3,1,1,1
21,2,12,4,0,3124,1,2,1,3,1,49,2,2,1,1,1
22,2,36,2,5,2384,1,2,4,3,4,33,1,2,2,1,0
23,2,12,4,4,1424,1,4,4,3,2,26,1,3,2,1,1
24,1,6,4,0,4716,5,2,1,3,1,44,2,2,1,1,1
25,2,11,3,3,4771,1,4,2,3,2,51,1,3,2,1,1
26,1,12,2,2,652,1,5,4,2,2,24,1,3,2,1,1
27,2,9,4,3,1154,1,5,2,3,1,37,3,2,2,1,1
28,4,15,2,0,3556,5,3,3,3,4,29,1,3,2,1,1
29,3,42,4,1,4796,1,5,4,3,4,56,1,3,2,1,1
30,3,30,4,3,3017,1,5,4,3,2,47,1,3,2,1,1
31,4,36,4,0,3535,1,4,4,3,3,37,2,3,2,2,1
32,4,36,4,0,6614,1,5,4,3,3,34,2,4,2,2,1
33,4,24,2,3,1376,3,4,4,2,3,28,1,3,2,1,1
34,1,15,2,0,1721,1,2,2,3,1,36,1,3,2,1,1
35,1,6,4,0,860,1,5,1,2,4,39,2,3,2,2,1
36,4,12,4,0,1495,1,5,4,3,1,38,2,2,1,1,1
37,4,12,4,3,1934,1,5,2,3,4,26,2,3,2,1,1
38,4,18,2,1,3378,5,3,2,3,2,31,1,3,2,2,1
39,4,24,4,1,3868,1,5,4,2,3,41,2,4,2,2,1
40,4,12,4,5,996,5,4,4,2,1,23,2,3,2,1,1
41,1,24,2,10,1755,1,5,4,2,1,58,1,2,2,2,1
42,4,18,4,0,1028,1,3,4,2,1,36,2,3,2,1,1
43,2,24,4,9,2825,5,4,4,3,4,34,2,3,1,2,1
44,2,18,2,6,1239,5,3,4,3,4,61,1,3,2,1,1
45,1,18,2,0,1216,1,2,4,2,3,23,1,3,2,2,0
46,4,24,2,9,1258,1,4,4,3,1,25,1,3,2,2,1
47,4,18,4,6,1864,2,3,4,2,1,30,2,3,2,1,0
48,4,24,2,0,1474,2,2,4,4,1,33,1,3,2,2,1
49,1,24,4,9,1382,2,4,4,3,1,26,2,3,2,2,1
50,4,12,2,0,640,1,3,4,1,1,49,1,2,2,1,1
51,3,36,2,3,3919,1,3,2,3,1,23,1,3,2,2,1
52,4,9,4,0,1224,1,3,3,3,1,30,2,3,2,1,1
53,4,12,4,3,2331,5,5,1,3,1,49,1,3,2,2,1
54,4,24,2,1,6313,5,5,3,3,3,41,1,4,1,2,1
55,1,12,4,3,385,1,4,4,2,1,58,4,2,2,2,1
56,4,12,4,3,1655,1,5,2,3,1,63,2,2,2,2,1
57,1,15,2,3,1053,1,2,4,4,1,27,1,3,2,1,1
58,4,21,2,3,3160,5,5,4,3,2,41,1,3,2,2,1
59,4,36,2,0,3079,5,3,4,3,1,36,1,3,2,1,1
60,4,12,4,0,1163,3,3,4,3,1,44,1,3,2,2,1
61,4,24,2,1,2679,1,2,4,2,4,29,1,4,2,2,1
62,4,48,4,3,3578,5,5,4,3,1,47,1,3,2,2,1
63,4,36,3,0,10875,1,5,2,3,3,45,2,3,1,2,1
64,1,12,3,0,1344,1,3,4,3,1,43,2,2,1,1,1
65,4,6,4,3,1237,2,3,1,2,2,27,2,3,2,1,1
66,4,12,2,3,3077,1,3,2,3,3,52,1,3,2,2,1
67,4,24,2,3,2284,1,4,4,3,3,28,1,3,2,2,1
68,2,12,2,3,1567,1,3,1,2,3,22,1,3,2,2,1
69,4,24,3,0,2032,1,5,4,3,4,60,2,3,2,2,1
70,2,21,4,2,2745,4,4,3,3,3,32,2,3,2,2,1
71,4,30,2,3,1867,5,5,4,3,3,58,1,3,2,2,1
72,4,36,2,3,2299,3,5,4,3,3,39,1,3,2,1,1
73,4,24,2,2,929,5,4,4,3,3,31,1,3,2,2,1
74,3,12,2,3,3399,5,5,2,3,3,37,1,4,2,1,1
75,2,9,2,2,2030,5,4,2,3,3,24,1,3,2,2,1
76,4,21,4,1,3275,1,5,1,3,3,36,1,4,2,2,1
77,4,24,4,0,1940,4,5,4,3,1,60,1,3,2,2,1
78,1,21,4,0,1602,1,5,4,4,3,30,2,3,2,2,1
79,4,15,2,3,1979,5,5,4,3,3,35,1,3,2,1,1
80,4,24,4,0,2022,1,3,4,2,3,37,1,3,2,2,1
81,4,36,4,3,3342,5,5,4,3,3,51,1,3,2,2,1
82,2,18,2,0,5866,2,3,2,3,3,30,2,3,2,2,1
83,3,15,4,1,2360,3,3,2,3,3,36,1,3,2,2,1
84,4,15,4,2,1520,5,5,4,3,2,63,1,3,2,1,1
85,1,12,2,0,3651,4,3,1,3,2,31,1,3,1,1,1
86,4,24,4,1,2346,1,4,4,3,3,35,2,3,2,2,1
87,4,36,3,3,4454,1,3,4,2,1,34,2,3,2,1,1
88,1,6,4,0,666,4,4,3,2,1,39,2,2,2,2,1
89,2,24,3,0,1965,5,3,4,2,3,42,2,3,2,2,1
90,2,12,4,0,1995,2,2,4,3,3,27,1,3,2,1,1
91,2,30,2,3,2991,5,5,2,2,3,25,1,3,2,1,1
92,2,30,0,9,4221,1,3,2,2,3,28,2,3,2,1,1
93,1,9,2,3,1364,1,4,3,3,1,59,1,3,2,1,1
94,2,18,4,2,6361,1,5,2,3,4,41,1,3,2,2,1
95,4,27,4,2,4526,4,2,4,3,1,32,2,2,1,2,1
96,2,12,4,3,3573,1,3,1,2,1,23,1,2,2,1,1
97,2,36,3,9,4455,1,3,2,1,1,30,2,4,2,2,0
98,1,9,2,2,2136,1,3,3,3,1,25,1,3,2,1,1
99,2,42,4,9,5954,1,4,2,2,1,41,2,2,2,1,1
100,4,24,4,2,3777,4,3,4,3,1,40,1,3,2,2,1
101,1,15,2,9,806,1,3,4,2,2,22,1,2,2,1,1
102,2,24,3,9,4712,5,3,4,3,2,34,2,4,2,2,1
103,2,36,3,0,7432,1,3,2,2,2,54,1,3,2,1,1
104,4,24,4,3,1851,1,4,4,4,3,33,2,3,2,2,1
105,4,24,2,0,1393,1,3,2,3,1,31,1,3,2,2,1
106,4,12,4,9,1412,1,3,4,2,1,29,2,4,2,2,1
107,4,18,2,3,1473,1,2,3,4,1,39,1,3,2,2,1
108,4,24,2,3,1533,1,2,4,2,3,38,1,3,2,2,1
109,4,12,4,6,2012,5,4,4,2,3,61,1,3,2,1,1
110,1,15,2,0,3959,1,3,3,2,2,29,1,3,2,2,0
111,1,6,2,2,428,1,5,2,2,2,49,1,3,2,2,1
112,2,12,4,0,2366,3,4,3,1,3,36,1,4,2,2,1
113,4,12,2,2,763,1,3,4,2,1,26,1,3,2,2,1
114,2,21,2,2,3976,5,4,2,3,3,35,1,3,2,2,1
115,2,18,2,0,6260,1,4,3,3,1,28,1,2,2,1,1
116,2,9,4,2,1919,1,4,4,3,3,35,1,3,2,2,1
117,4,24,2,1,2603,4,3,2,2,3,28,1,3,2,2,1
118,4,9,4,6,936,3,5,4,3,3,52,2,3,2,2,1
119,4,24,2,2,3062,3,5,4,3,4,32,1,3,2,2,1
120,2,36,2,3,4795,1,2,4,2,4,30,1,4,2,2,1
121,4,36,4,1,5842,1,5,2,3,2,35,2,3,1,2,1
122,2,6,2,3,2063,1,2,4,4,3,30,1,4,2,2,1
123,4,15,4,3,1459,1,3,4,2,3,43,1,2,2,1,1
124,4,15,2,3,1213,3,5,4,3,2,47,1,3,2,2,1
125,4,24,4,3,5103,1,2,3,4,4,47,3,3,2,2,1
126,4,15,2,4,874,5,2,4,2,1,24,1,3,2,1,1
127,4,6,2,2,2978,3,3,1,3,3,32,1,3,2,2,1
128,4,18,2,0,1820,1,3,2,4,2,30,1,4,2,2,1
129,4,24,4,3,2872,2,5,3,3,1,36,1,3,1,2,1
130,3,24,2,2,1925,1,3,2,3,1,26,1,3,2,1,1
131,4,18,2,2,2515,1,3,3,3,1,43,1,3,2,2,1
132,3,6,2,2,2116,1,3,2,3,1,41,1,3,2,2,1
133,4,18,2,3,1453,1,2,3,2,1,26,1,3,2,1,1
134,4,10,2,0,1364,1,3,2,2,3,64,1,3,2,2,1
135,4,6,2,2,1543,4,3,4,1,1,33,1,3,2,1,1
136,2,12,2,0,1318,4,5,4,3,1,54,1,3,2,2,1
137,1,24,1,0,2325,2,4,2,3,3,32,1,3,2,1,1
138,2,6,4,8,932,5,4,1,2,2,39,2,2,2,1,1
139,3,24,4,3,3148,5,3,3,3,3,31,2,3,2,2,1
140,4,36,2,3,3835,5,5,2,2,1,45,1,2,2,2,1
141,4,9,2,6,3832,5,5,1,3,1,64,1,2,2,1,1
142,2,24,2,3,5084,5,5,2,2,3,42,1,3,2,2,1
143,4,9,4,2,2406,1,1,2,3,3,31,1,4,2,1,1
144,4,36,2,3,2394,5,3,4,2,3,25,1,3,2,1,1
145,4,21,2,1,2476,5,5,4,3,1,46,1,4,2,2,1
146,1,24,2,1,2964,5,5,4,3,4,49,1,3,1,2,1
147,1,12,2,2,1262,5,5,2,1,2,49,1,2,2,2,1
148,4,12,2,9,1542,1,4,2,3,3,36,1,3,2,2,1
149,2,24,4,3,1743,1,5,4,3,2,48,2,2,2,1,1
150,3,12,1,3,409,4,3,3,2,1,42,2,3,2,1,1
151,4,12,2,3,2171,1,2,2,2,3,29,1,3,2,1,1
152,4,48,4,1,8858,5,4,2,3,4,35,2,3,2,2,1
153,2,24,2,0,3512,2,4,2,3,3,38,2,3,2,2,1
154,2,12,2,3,1158,3,3,3,1,3,26,1,3,2,2,1
155,4,24,4,3,2684,1,3,4,3,1,35,2,2,2,1,1
156,1,12,2,3,1498,1,3,4,2,3,23,1,3,2,1,1
157,4,30,4,3,5954,1,4,3,3,3,38,1,3,2,1,1
158,2,48,1,9,6416,1,5,4,2,4,59,1,3,2,1,0
159,2,12,4,2,3617,1,5,1,3,3,28,3,3,2,2,1
160,4,12,4,3,1291,1,3,4,2,2,35,2,3,2,1,1
161,3,24,4,9,1275,4,3,2,1,1,36,2,3,2,2,1
162,4,24,2,2,3972,1,4,2,2,2,25,1,3,2,2,1
163,4,15,4,2,3343,1,3,4,3,4,28,1,3,2,2,1
164,3,15,2,6,392,1,2,4,2,2,23,1,3,2,2,1
165,4,9,4,0,2134,1,3,4,3,3,48,3,3,2,2,1
166,4,30,4,3,5771,1,4,4,2,3,25,2,3,2,1,1
167,4,24,4,9,4526,1,3,3,3,1,74,1,4,2,2,1
168,4,15,4,2,2788,1,4,2,2,3,24,2,3,2,1,1
169,4,6,4,3,1382,1,3,1,2,3,28,2,3,2,2,1
170,3,36,2,3,5848,1,3,4,3,3,24,1,3,2,1,1
171,1,12,2,0,1228,1,3,4,2,1,24,1,2,2,1,0
172,3,12,2,3,1297,1,3,3,4,1,23,1,3,2,1,1
173,4,24,2,3,1552,1,4,3,3,3,32,1,3,1,1,1
174,4,12,2,3,1963,1,4,4,3,3,31,2,4,1,2,1
175,4,24,2,3,3235,3,5,3,1,3,36,1,4,2,2,1
176,4,24,4,9,4139,2,3,3,3,2,27,2,2,2,2,1
177,2,12,4,1,1804,2,2,3,3,2,44,1,3,2,1,1
178,4,18,2,9,1950,1,4,4,3,3,34,2,3,2,2,1
179,4,48,3,3,12749,3,4,4,3,3,37,1,4,2,2,1
180,4,9,2,4,1236,1,2,1,2,1,23,1,3,2,2,1
181,4,18,4,0,1055,1,2,4,2,2,30,2,3,2,1,1
182,1,30,0,9,8072,5,2,2,3,3,25,3,3,2,1,1
183,4,30,4,3,2831,1,3,4,2,3,33,1,3,2,2,1
184,4,9,2,9,1449,1,4,3,2,3,27,2,3,2,1,1
185,4,36,2,9,5742,2,4,2,3,3,31,2,3,2,2,1
186,4,12,2,0,2390,5,5,4,3,3,50,1,3,2,2,1
187,4,24,2,3,3430,3,5,3,3,3,31,1,3,1,2,1
188,2,36,2,6,2273,1,4,3,3,3,32,2,3,1,1,1
189,3,21,2,0,2923,2,3,1,2,3,28,1,4,2,2,1
190,4,24,2,3,1901,2,3,4,3,3,29,1,4,2,2,1
191,2,36,2,6,3711,5,3,2,4,3,27,1,3,2,1,1
192,2,48,2,0,8487,5,4,1,2,3,24,1,3,2,1,1
193,4,24,2,0,2255,5,2,4,3,2,54,1,3,2,1,1
194,4,12,2,3,1262,1,3,3,3,3,25,1,3,2,1,1
195,4,33,4,1,7253,1,4,3,3,3,35,2,4,2,2,1
196,4,6,4,0,6761,1,4,1,3,4,45,2,4,1,2,1
197,4,18,4,2,1817,1,3,4,2,4,28,2,3,2,1,1
198,4,12,2,3,2141,2,4,3,3,4,35,1,3,2,1,1
199,4,48,1,9,3609,1,3,1,2,1,27,1,3,2,1,1
200,4,30,2,3,2333,3,5,4,3,3,30,1,4,2,1,1
201,4,28,1,1,7824,5,2,3,3,1,40,2,3,1,2,1
202,3,18,1,3,1445,5,4,4,3,3,49,1,2,2,1,1
203,1,24,2,2,7721,5,2,1,2,2,30,1,3,2,2,1
204,1,21,2,0,3763,5,4,2,3,1,24,1,2,2,1,1
205,2,18,2,9,4439,1,5,1,3,1,33,1,4,2,2,1
206,1,12,2,3,1107,1,3,2,3,1,20,1,4,1,2,1
207,2,15,2,3,1444,5,2,4,3,2,23,1,3,2,1,1
208,2,48,1,0,12169,5,1,4,3,4,36,1,4,2,2,1
209,4,9,2,3,2753,2,5,3,3,3,35,1,3,2,2,1
210,3,4,2,0,1494,5,2,1,3,1,29,1,2,1,1,1
211,1,24,1,2,2828,3,3,4,3,1,22,1,3,2,2,1
212,1,24,1,2,2483,3,3,4,3,1,22,1,3,2,2,1
213,3,6,4,0,1299,1,3,1,3,1,74,3,1,1,1,1
214,2,9,2,0,1549,5,2,4,3,1,35,1,1,2,1,1
215,3,10,2,0,3949,1,2,1,3,2,37,1,2,1,1,1
216,4,10,2,1,2901,5,2,1,2,1,31,1,3,2,1,1
217,3,6,2,0,709,4,2,2,4,1,27,1,1,2,1,1
218,1,47,2,0,10722,1,2,1,2,1,35,1,2,2,2,1
219,4,10,2,0,1287,5,5,4,3,2,45,1,2,2,1,1
220,1,18,1,3,1940,1,2,3,3,4,36,1,4,2,2,1
221,3,30,4,3,3656,5,5,4,3,2,49,2,2,2,1,1
222,4,24,3,1,4679,1,4,3,3,3,35,2,2,2,2,1
223,4,27,3,1,8613,4,3,2,3,3,27,2,3,2,1,1
224,1,18,2,2,2659,4,3,4,3,3,28,1,3,2,1,1
225,4,24,4,3,1516,4,3,4,2,1,43,2,2,2,1,1
226,1,18,2,0,4380,2,3,3,3,3,35,1,2,1,2,1
227,4,14,3,0,802,1,3,4,3,3,27,2,2,2,1,1
228,4,21,2,9,1572,4,5,4,2,1,36,1,2,2,1,1
229,2,48,1,9,3566,2,4,4,3,3,30,1,3,2,1,1
230,4,24,2,3,1278,1,5,4,3,1,36,1,4,2,2,1
231,4,6,0,3,426,1,5,4,4,3,39,1,2,2,1,1
232,4,39,2,1,8588,2,5,4,3,3,45,1,4,2,2,1
233,1,30,2,1,3857,1,3,4,1,2,40,1,4,2,2,1
234,2,12,2,0,685,1,4,2,4,3,25,1,2,2,1,0
235,1,24,2,3,1603,1,5,4,2,3,55,1,3,2,1,1
236,4,21,2,2,2241,1,5,4,3,1,50,2,3,2,1,1
237,1,24,2,3,2384,1,5,4,3,1,64,1,2,2,1,1
238,4,4,2,2,601,1,2,1,2,1,23,1,2,1,1,1
239,4,39,2,1,2569,3,3,4,3,3,24,1,3,2,1,1
240,4,15,4,3,1316,3,3,2,4,2,47,2,2,2,1,1
241,4,60,2,0,10366,1,5,2,3,2,42,1,4,2,2,1
242,4,18,2,9,1568,2,3,3,2,2,24,1,2,2,1,1
243,4,18,4,3,629,3,5,4,3,2,32,2,4,2,2,1
244,4,6,1,3,1750,3,5,2,3,2,45,1,2,1,1,1
245,4,24,2,1,3488,2,4,3,2,3,23,1,3,2,1,1
246,4,18,4,3,1800,1,3,4,3,3,24,2,3,2,1,1
247,4,24,3,2,4151,2,3,2,3,2,35,2,3,2,1,1
248,2,15,2,5,2631,2,3,3,2,1,25,1,2,2,1,1
249,4,21,2,1,5248,5,3,1,3,3,26,1,3,2,1,1
250,2,18,3,0,2899,5,5,4,3,3,43,1,3,1,1,1
251,2,18,3,5,6204,1,3,2,3,1,44,1,2,1,2,1
252,4,12,2,3,804,1,5,4,3,3,38,1,3,2,1,1
253,4,36,2,3,3595,1,5,4,3,3,28,1,3,2,1,1
254,4,36,4,1,5711,4,5,4,3,3,38,2,4,2,2,1
255,3,15,2,9,2687,1,4,2,3,2,26,1,3,2,2,1
256,1,15,3,2,3643,1,5,1,2,2,27,2,2,2,1,1
257,4,10,4,2,2146,1,2,1,2,1,23,2,3,2,1,1
258,1,10,2,3,2315,1,5,3,3,1,52,1,2,2,1,1
259,4,5,2,9,3448,1,4,1,3,1,74,1,2,2,1,1
260,4,15,2,2,2708,1,2,2,3,2,27,2,2,2,1,1
261,4,11,4,0,1393,1,2,4,2,3,35,2,4,2,1,1
262,3,10,2,2,1275,1,2,4,2,2,23,1,3,2,1,1
263,4,9,2,2,1313,1,5,1,3,3,20,1,3,2,1,1
264,4,12,2,3,1493,1,2,4,2,3,34,1,3,1,1,1
265,4,22,2,3,2675,3,5,3,3,3,40,1,3,2,1,1
266,2,9,2,3,2118,1,3,2,3,1,37,1,2,1,1,1
267,4,36,2,0,909,3,5,4,3,2,36,1,3,2,1,1
268,4,12,4,2,1258,1,2,2,2,2,22,2,2,2,1,1
269,4,15,1,3,1569,2,5,4,3,3,34,1,2,1,1,1
270,4,6,2,1,1236,3,3,2,3,2,50,1,3,2,1,1
271,4,36,3,2,7678,3,4,2,2,3,40,2,3,2,2,1
272,4,6,2,5,660,3,4,2,4,1,23,1,2,2,1,1
273,4,24,2,2,2835,3,5,3,3,2,53,1,3,2,1,1
274,4,24,2,1,2670,1,5,4,3,3,35,1,4,2,2,1
275,4,12,1,8,3447,3,3,4,2,1,35,1,2,1,1,1
276,4,15,2,3,3568,1,5,4,2,3,54,1,4,2,2,1
277,2,21,4,9,3652,1,4,2,3,2,27,2,3,2,1,1
278,1,24,2,3,3660,1,3,2,2,3,28,1,3,2,1,1
279,3,9,2,3,1126,2,5,2,1,1,49,1,3,2,1,1
280,3,6,3,3,683,1,2,2,2,2,29,1,3,2,1,1
281,3,12,2,2,2251,1,3,1,2,3,46,1,2,2,1,1
282,4,12,2,1,4675,5,2,1,2,3,20,1,3,2,1,1
283,2,21,3,0,2353,1,3,1,1,2,47,2,3,2,1,1
284,1,21,2,3,3357,4,2,4,2,3,29,1,3,2,1,1
285,4,6,2,0,672,1,1,1,2,1,54,1,1,2,2,1
286,1,6,4,3,338,3,5,4,3,3,52,2,3,2,1,1
287,4,9,2,3,2697,1,3,1,3,1,32,1,3,1,1,1
288,4,9,2,0,2507,3,5,2,3,4,51,1,2,2,1,1
289,4,15,3,3,1478,1,3,4,4,1,33,2,3,2,1,1
290,4,12,4,6,3565,5,2,2,3,2,37,2,2,1,1,1
291,4,15,2,2,2221,3,3,2,2,3,20,1,3,2,1,1
292,4,6,4,3,1898,5,3,1,3,1,34,2,2,1,1,1
293,2,6,3,9,1449,2,5,1,1,3,31,2,3,1,1,1
294,4,15,3,2,960,4,4,3,2,2,30,2,3,2,1,1
295,4,36,2,1,8133,1,3,1,2,2,30,1,3,2,1,1
296,4,9,2,2,2301,2,2,2,2,2,22,1,3,2,1,1
297,4,6,3,9,1743,2,3,1,3,1,34,2,2,2,1,1
298,2,12,2,2,983,4,2,1,2,1,19,1,2,2,1,1
299,4,18,3,3,2320,1,1,2,4,1,34,2,3,2,1,1
300,1,12,1,8,339,1,5,4,4,3,45,1,2,2,1,1
301,3,24,2,3,5152,1,4,4,3,3,25,1,3,2,1,1
302,3,24,2,2,3749,1,2,2,2,3,26,1,3,2,1,1
303,4,9,4,3,3074,5,3,1,3,1,33,2,3,1,1,1
304,3,9,2,3,745,1,3,3,2,1,28,1,2,2,1,0
305,4,24,2,0,1469,2,5,4,4,1,41,1,2,2,1,1
306,1,6,2,2,1374,1,3,1,3,1,36,1,2,2,2,1
307,4,6,1,0,783,5,3,1,3,1,26,1,2,1,1,1
308,1,21,2,3,2606,1,2,4,2,2,28,1,4,2,2,1
309,4,54,0,1,9436,5,3,2,3,2,39,1,2,1,1,1
310,4,12,4,3,930,5,5,4,3,1,65,4,3,2,1,1
311,4,48,4,1,2751,5,5,4,3,3,38,2,3,1,2,1
312,4,6,4,0,250,4,3,2,2,1,41,2,2,2,1,1
313,2,24,2,0,1201,1,2,4,3,2,26,1,3,2,1,1
314,1,6,2,0,662,1,2,3,3,1,41,1,2,1,2,1
315,4,15,2,1,1300,5,5,4,3,4,45,1,3,1,1,1
316,4,24,1,9,1559,1,4,4,3,3,40,1,3,2,2,1
317,3,12,2,3,3016,1,3,3,4,3,24,1,3,2,1,1
318,4,15,4,3,1360,1,3,4,3,2,31,2,3,2,1,1
319,4,6,0,0,1204,2,3,4,3,4,35,1,3,2,1,1
320,4,10,2,0,1597,3,3,3,3,4,40,1,2,1,1,1
321,4,12,2,3,2073,2,3,4,2,1,28,1,3,2,1,1
322,4,11,2,9,2142,4,5,1,1,1,28,1,3,2,2,1
323,1,10,4,2,2132,5,2,2,2,1,27,2,3,2,1,1
324,4,10,2,0,1546,1,3,3,3,1,31,1,2,1,1,1
325,4,24,4,0,1287,4,5,4,2,1,37,2,3,2,2,1
326,4,10,2,0,1418,2,3,3,3,1,35,1,2,2,1,1
327,3,6,4,0,1343,1,5,1,3,1,46,2,3,1,1,1
328,4,18,2,0,2662,5,4,4,3,2,32,1,3,2,1,1
329,4,18,4,3,6070,1,5,3,3,3,33,2,3,2,2,1
330,4,24,4,6,1927,5,3,3,2,3,33,2,3,2,2,1
331,4,18,4,3,2404,1,3,2,2,3,26,2,3,2,1,1
332,4,6,4,3,1554,1,4,1,2,3,24,2,3,2,2,1
333,4,22,2,0,1283,5,4,4,2,2,25,1,3,2,1,1
334,4,24,3,0,717,5,5,4,4,3,54,2,3,2,2,1
335,1,24,2,2,1747,1,2,4,3,2,24,1,2,2,1,1
336,1,9,4,5,1288,2,5,3,3,1,48,2,3,1,1,1
337,1,10,4,0,1038,1,4,4,3,2,49,2,3,2,2,1
338,4,10,2,1,2848,2,3,1,3,1,32,1,3,1,1,1
339,4,12,2,1,1413,4,4,3,3,2,55,1,3,2,1,1
340,4,30,4,3,3077,5,5,3,3,3,40,2,3,1,2,1
341,1,24,1,1,3632,1,3,1,2,3,22,1,3,2,1,1
342,4,18,4,1,3229,5,1,2,3,4,38,1,4,2,2,1
343,4,9,2,0,3577,2,3,1,3,1,26,1,3,1,1,1
344,4,12,4,0,682,2,4,4,2,3,51,2,3,2,2,1
345,4,10,2,3,1924,1,3,1,3,2,38,1,3,2,2,1
346,4,10,2,6,727,3,5,4,3,4,46,1,3,2,2,1
347,3,10,4,0,781,1,5,4,3,4,63,2,3,2,2,1
348,1,12,4,0,2121,1,3,4,3,2,30,2,3,2,1,1
349,4,12,4,6,701,1,3,4,3,3,32,2,3,2,1,1
350,4,10,4,2,2069,5,3,2,4,3,26,2,3,2,1,1
351,4,24,2,0,1525,4,4,4,2,3,34,1,3,1,2,1
352,4,48,4,9,7629,5,5,4,1,3,46,2,4,1,1,1
353,1,12,4,0,3499,1,3,3,2,1,29,2,3,2,1,0
354,4,6,2,3,1346,2,5,2,3,4,42,1,3,1,2,1
355,4,36,4,1,10477,5,5,2,3,4,42,2,3,2,1,1
356,1,24,2,1,2924,1,3,3,3,4,63,1,3,1,2,1
357,4,10,4,0,1231,1,5,3,3,1,32,2,2,1,1,1
358,3,18,2,0,1961,1,5,3,2,3,23,1,4,2,1,1
359,4,15,4,0,5045,5,5,1,2,3,59,1,3,2,2,1
360,4,12,4,0,1255,1,5,4,3,1,61,2,2,2,1,1
361,1,12,2,2,1858,1,2,4,2,3,22,1,3,2,1,1
362,4,6,4,2,1221,5,3,1,4,2,27,2,3,2,1,1
363,4,9,2,2,1388,1,3,4,2,1,26,1,3,2,1,1
364,4,12,2,3,2279,5,3,4,3,4,37,1,3,2,2,1
365,4,12,0,2,2759,1,5,2,3,2,34,2,3,2,1,1
366,3,24,2,3,1258,3,3,3,2,3,57,1,2,2,1,1
367,2,12,0,8,1410,1,3,2,3,1,31,1,2,2,2,1
368,1,15,2,0,1403,1,3,2,2,3,28,1,3,2,1,1
369,1,24,2,2,3021,1,3,2,1,1,24,1,2,2,1,1
370,1,24,2,9,6568,1,3,2,4,3,21,1,2,2,1,1
371,4,24,4,3,2578,4,5,2,3,3,34,1,3,2,1,1
372,2,24,4,1,7758,4,5,2,2,4,29,1,3,2,1,1
373,1,6,2,4,343,1,2,4,2,1,27,1,3,2,1,1
374,4,21,3,2,1591,2,4,4,3,1,34,2,4,2,1,1
375,1,27,2,3,3416,1,3,3,3,3,27,1,4,2,1,1
376,1,12,0,5,1108,1,4,4,3,1,28,2,3,2,1,0
377,2,27,3,1,5965,1,5,1,3,3,30,2,4,2,2,1
378,2,15,2,5,1514,2,3,4,3,1,22,1,3,2,1,1
379,4,30,4,3,6742,5,4,2,3,2,36,2,3,2,1,1
380,1,18,2,2,3650,1,2,1,2,3,22,1,3,2,1,1
381,1,21,2,2,3599,1,4,1,2,3,26,1,2,2,1,1
382,4,60,4,0,13756,5,5,2,3,4,63,1,4,2,2,1
383,2,9,2,0,276,1,3,4,4,1,22,1,2,2,1,1
384,4,42,4,2,4041,3,3,4,3,1,36,2,3,2,2,1
385,2,9,2,3,458,1,3,4,3,1,24,1,3,2,1,1
386,2,9,2,2,918,1,3,4,2,2,30,1,3,2,1,0
387,4,24,2,0,7393,1,3,1,3,2,43,1,2,1,1,1
388,3,10,2,4,1225,1,3,2,3,3,37,1,3,2,2,1
389,1,24,2,1,2812,5,5,2,2,1,26,1,3,2,1,1
390,4,15,2,1,3029,1,4,2,3,3,33,1,3,2,1,1
391,3,12,4,0,1480,3,1,2,3,4,66,3,1,2,1,1
392,3,6,4,6,1047,1,3,2,2,2,50,1,2,2,1,1
393,4,15,4,3,1471,1,3,4,3,4,35,2,3,2,2,1
394,4,24,2,2,5511,2,3,4,3,3,25,1,3,2,1,1
395,2,9,2,3,1206,1,5,4,2,1,25,1,3,2,1,1
396,2,24,3,3,6403,1,2,1,3,3,33,1,3,2,1,1
397,4,12,2,3,707,1,3,4,3,1,30,2,3,2,1,1
398,4,12,3,1,1503,1,3,4,4,1,41,1,3,2,1,1
399,2,12,2,0,6078,1,4,2,3,3,32,1,3,2,1,1
400,2,27,2,9,2528,1,2,4,2,2,32,1,3,1,2,1
401,2,12,2,9,1037,2,4,3,3,1,39,1,2,2,1,1
402,1,6,2,1,1352,3,1,1,2,2,23,1,1,2,2,1
403,4,24,2,3,3181,1,2,4,2,2,26,1,3,2,2,1
404,4,18,2,3,4594,1,2,3,3,3,32,1,3,2,2,1
405,2,48,2,10,5381,5,1,3,3,4,40,1,1,2,2,1
406,4,15,2,1,4657,1,3,3,3,3,30,1,3,2,2,1
407,2,9,2,9,1391,1,3,2,4,1,27,1,3,2,2,1
408,2,18,2,9,1913,4,2,3,4,1,36,1,3,2,2,1
409,4,42,2,3,7166,5,4,2,4,2,29,1,3,2,2,1
410,4,13,2,3,1409,2,1,2,2,1,64,1,3,2,1,1
411,4,24,3,9,2978,5,3,4,3,1,32,2,3,1,2,1
412,4,12,4,3,976,5,5,4,3,3,35,2,3,2,1,1
413,4,24,3,9,2375,3,3,4,3,3,44,2,3,1,2,1
414,4,12,4,3,522,3,5,4,3,2,42,2,3,1,2,1
415,4,28,4,3,2743,1,5,4,3,3,29,2,3,2,1,1
416,4,11,4,3,1154,2,1,4,2,1,57,3,2,2,1,1
417,4,24,4,1,5804,4,3,4,3,1,27,2,3,2,1,1
418,4,18,4,3,1169,5,3,4,3,2,29,2,3,2,2,1
419,1,15,4,2,1478,1,5,4,3,3,44,2,3,1,2,1
420,4,12,2,3,776,1,3,4,4,1,28,1,3,2,1,1
421,2,11,4,0,1322,4,3,4,2,3,40,2,3,2,1,1
422,2,16,4,0,1175,1,1,2,3,3,68,3,1,2,2,1
423,4,12,2,0,2133,5,5,4,2,4,52,1,4,2,2,1
424,4,15,4,3,1829,1,5,4,3,3,46,2,3,2,2,1
425,4,12,4,3,717,1,5,4,3,1,52,3,3,2,1,1
426,2,39,3,6,11760,2,4,2,3,4,32,1,3,2,2,1
427,2,9,4,6,1501,1,5,2,2,3,34,2,4,2,2,0
428,1,12,2,6,1200,5,3,4,2,2,23,1,3,2,2,1
429,2,9,2,0,3195,5,3,1,2,1,33,1,2,2,1,1
430,4,30,4,3,4530,1,4,4,2,3,26,1,4,2,2,1
431,4,12,3,5,1555,4,5,4,3,4,55,2,3,1,1,0
432,2,15,4,9,2326,3,3,2,3,3,27,1,3,2,1,1
433,2,18,4,9,1887,5,3,4,4,1,28,2,3,2,1,1
434,4,12,4,9,1264,5,5,4,3,4,57,1,2,2,1,1
435,4,7,3,3,846,5,5,3,3,4,36,1,3,2,1,1
436,4,15,4,6,1532,2,3,4,2,3,31,1,3,2,1,1
437,4,6,3,3,935,1,3,3,2,1,24,1,3,2,1,1
438,1,27,4,9,2442,1,5,4,3,3,43,4,4,1,2,1
439,2,18,4,9,3590,1,1,3,4,3,40,3,1,1,2,1
440,4,21,4,2,2288,1,2,4,2,2,23,1,3,2,2,1
441,4,27,3,9,5117,1,4,3,3,3,26,2,3,2,1,1
442,1,39,4,2,14179,5,4,4,3,2,30,2,4,2,2,1
443,4,15,2,3,1386,5,3,4,4,1,40,1,3,2,2,1
444,4,12,4,3,618,1,5,4,3,1,56,1,3,2,1,1
445,4,12,2,2,1574,1,3,4,3,1,50,1,3,2,1,1
446,4,6,4,3,700,5,5,4,3,4,36,2,3,2,1,1
447,4,12,2,3,886,5,3,4,2,3,21,1,3,2,1,1
448,4,36,2,1,4686,1,3,2,3,4,32,1,4,2,2,1
449,2,9,2,3,790,3,3,4,2,1,66,1,2,2,1,1
450,2,12,2,3,766,3,3,4,3,1,66,1,2,2,1,0
451,1,20,2,2,2212,5,4,4,3,3,39,1,3,2,2,1
452,2,10,2,0,7308,1,1,2,3,4,70,1,4,2,2,1
453,2,24,4,6,5743,1,2,2,2,4,24,2,3,2,2,1
454,1,14,2,0,3973,1,1,1,3,4,22,1,3,2,1,1
455,2,60,3,3,7418,5,3,1,3,1,27,1,2,2,1,1
456,2,20,3,10,2629,1,3,2,3,3,29,2,3,2,2,1
457,2,18,2,9,1941,4,3,4,3,2,35,1,2,2,2,1
458,2,24,3,2,2333,5,2,4,3,2,29,1,2,2,1,1
459,4,12,2,1,2445,5,2,2,4,3,26,1,3,2,2,1
460,2,20,2,1,6468,5,1,1,1,1,60,1,4,2,2,1
461,2,18,4,2,7374,1,1,4,3,2,40,2,4,2,2,1
462,4,15,2,1,3812,2,2,1,2,3,23,1,3,2,2,1
463,1,28,2,0,4006,1,3,3,3,3,45,1,2,2,1,0
464,2,12,2,0,7472,5,1,1,2,1,24,1,1,2,1,1
465,3,12,2,2,1424,5,5,3,2,1,55,1,4,2,2,1
466,2,12,2,1,2028,5,3,4,3,3,30,1,3,2,1,1
467,4,15,2,0,5324,3,5,1,2,4,35,1,3,2,1,1
468,2,36,2,3,2323,1,4,4,3,3,24,1,3,2,1,1
469,4,12,2,6,1393,1,5,4,3,2,47,3,3,1,2,1
470,4,18,2,2,1984,1,3,4,3,4,47,2,3,2,1,1
471,4,24,2,3,999,5,5,4,3,3,25,2,3,2,1,1
472,4,36,2,9,7409,5,5,3,3,2,37,2,3,2,1,1
473,4,15,2,2,2186,5,4,1,2,1,33,1,2,2,1,1
474,3,36,2,3,4473,1,5,4,3,3,31,1,3,2,1,1
475,4,24,2,8,937,1,2,4,4,3,27,2,2,2,1,1
476,4,18,2,2,3422,1,5,4,3,2,47,3,3,1,2,1
477,4,24,2,3,3105,5,2,4,3,3,25,2,3,2,1,1
478,4,12,4,6,2748,1,5,2,2,4,57,3,2,2,1,1
479,2,18,2,5,3872,1,1,2,2,3,67,1,3,2,2,1
480,4,27,2,5,5190,5,5,4,3,2,48,4,3,1,2,1
481,2,18,2,2,3001,1,4,2,2,1,40,1,3,2,1,1
482,4,24,3,9,3863,1,3,1,3,4,32,1,3,2,1,1
483,4,12,4,2,5801,5,5,2,3,2,49,1,3,2,2,1
484,4,12,4,2,1592,4,4,3,2,2,35,1,3,2,1,1
485,4,12,4,9,1185,1,3,3,2,1,27,2,3,2,1,1
486,4,18,4,2,3780,1,2,3,1,3,35,2,4,2,2,1
487,2,18,4,2,3612,1,5,3,2,2,37,1,3,2,2,1
488,4,12,2,9,1076,1,3,2,4,1,26,1,3,2,2,1
489,4,12,2,0,3527,5,2,2,3,2,45,1,4,1,2,1
490,4,18,2,3,2051,1,2,4,3,1,33,1,3,2,1,1
491,4,12,4,2,3331,1,5,2,3,2,42,1,3,2,1,1
492,1,18,0,9,3104,1,4,3,3,2,31,1,3,2,2,1
493,4,24,4,3,2611,1,5,4,4,1,46,2,3,2,1,1
494,1,12,4,1,1409,1,5,4,3,1,54,1,3,2,1,1
495,4,24,2,3,1311,2,4,4,4,2,26,1,3,2,2,1
496,4,6,2,3,2108,1,4,2,4,1,29,1,3,2,1,1
497,4,24,4,1,4042,5,4,3,3,2,43,2,3,2,2,1
498,4,12,4,0,926,1,1,1,2,2,38,1,1,2,1,1
499,1,12,2,3,1680,3,5,3,4,1,35,1,3,2,1,1
500,4,24,2,0,1249,1,2,4,4,1,28,1,3,2,1,1
501,4,24,4,0,2463,2,4,4,4,2,27,2,3,2,2,1
502,4,6,2,3,1595,1,4,3,3,2,51,1,3,1,1,1
503,4,24,4,5,2058,1,3,4,1,1,33,2,3,2,2,1
504,4,24,2,1,7814,1,4,3,3,3,38,1,4,2,2,1
505,4,6,4,3,1740,1,5,2,4,1,30,2,3,2,1,1
506,4,12,4,3,1240,5,5,4,2,1,38,2,3,2,2,1
507,4,24,4,1,6842,5,3,2,3,2,46,2,4,1,2,1
508,4,24,4,2,5150,1,5,4,3,3,33,1,3,2,2,1
509,1,6,2,0,1203,2,5,3,3,2,43,1,3,2,2,1
510,4,6,4,0,2080,3,3,1,4,3,24,1,3,2,1,1
511,4,6,2,6,1538,1,2,1,2,4,56,1,3,2,1,1
512,2,24,4,0,3878,2,2,4,1,3,37,1,3,2,2,1
513,2,30,2,2,3832,1,2,2,4,2,22,1,3,2,1,1
514,4,15,2,0,3186,4,4,2,2,3,20,1,3,2,1,1
515,2,24,2,3,2896,2,2,2,3,3,29,1,3,2,1,1
516,2,24,3,9,6967,2,4,4,3,3,36,1,4,2,2,1
517,4,36,2,6,1819,1,3,4,3,4,37,1,3,2,2,0
518,4,24,2,3,5943,5,2,1,2,3,44,2,3,2,2,0
519,4,36,4,2,7127,1,2,2,2,2,23,2,3,2,2,0
520,4,36,2,2,3349,1,3,4,2,3,28,1,4,2,2,0
521,4,36,2,2,10974,1,1,4,2,3,26,2,4,2,2,0
522,4,6,2,3,518,1,3,3,2,1,29,1,3,2,1,1
523,4,18,2,3,1126,5,2,4,2,1,21,1,3,2,2,1
524,2,12,4,1,1860,1,1,4,3,3,34,2,4,2,2,1
525,4,36,4,3,9566,1,3,2,2,3,31,2,3,2,1,1
526,1,12,2,3,701,1,3,4,4,1,40,1,2,2,1,1
527,2,12,2,3,2930,1,4,2,2,1,27,1,3,2,1,1
528,4,18,2,3,1505,1,3,4,3,4,32,1,4,2,2,1
529,4,18,4,3,2238,1,3,2,2,3,25,2,3,2,1,1
530,4,4,4,3,1503,1,4,2,3,1,42,2,2,1,1,1
531,4,24,4,1,2197,5,4,4,3,3,43,2,3,1,2,1
532,3,12,2,3,1881,1,3,2,2,3,44,1,2,2,2,1
533,1,18,4,3,1880,1,4,4,4,2,32,2,4,2,2,1
534,1,18,2,3,2389,1,2,4,2,3,27,1,3,2,1,1
535,2,24,2,3,1967,1,5,4,2,3,20,1,3,2,2,1
536,4,4,4,0,3380,1,4,1,2,1,37,1,3,1,1,1
537,4,4,4,0,1455,1,4,2,3,1,42,3,2,1,1,1
538,4,7,4,3,730,5,5,4,3,2,46,2,2,2,2,1
539,2,18,0,2,3244,1,3,1,2,3,33,2,3,2,2,1
540,2,9,2,3,1670,1,2,4,2,3,22,1,3,2,2,0
541,2,48,2,3,3979,5,4,4,3,3,41,2,3,1,2,1
542,2,12,2,2,1922,1,3,4,3,2,37,1,2,2,1,0
543,2,18,4,2,1295,1,2,4,2,2,27,2,3,2,1,1
544,4,4,4,3,1544,1,4,2,3,1,42,3,2,1,1,1
545,2,8,2,9,907,1,2,3,4,1,26,1,3,2,2,1
546,2,30,2,3,1715,5,3,4,2,3,26,1,3,2,1,1
547,3,10,4,3,1347,5,4,4,3,2,27,2,3,2,2,1
548,2,12,2,0,1007,4,3,4,4,1,22,1,3,2,1,1
549,4,12,4,2,1402,3,4,3,2,3,37,1,3,2,2,1
550,2,12,2,0,2002,1,4,3,3,2,30,1,3,1,2,1
551,4,12,4,6,2096,1,4,2,3,1,49,1,2,1,1,1
552,4,12,2,0,1101,1,3,3,4,1,27,2,3,2,2,1
553,4,10,2,8,894,5,4,4,2,2,40,1,3,2,2,1
554,2,11,2,2,1577,4,2,4,2,1,20,1,3,2,1,1
555,4,33,3,9,2764,1,3,2,2,3,26,2,3,2,2,1
556,2,48,0,0,8358,3,2,1,2,3,30,2,3,2,1,1
557,3,12,2,2,1474,1,2,4,2,2,33,1,4,2,2,1
558,4,24,2,1,5433,5,1,2,2,2,26,1,4,2,2,1
559,2,14,2,9,1410,3,5,1,4,1,35,1,3,2,2,1
560,4,20,4,0,3485,5,2,2,1,1,44,2,3,2,2,1
561,4,18,4,1,3850,1,4,3,3,3,27,2,3,2,1,1
562,2,60,2,0,7408,2,2,4,2,2,24,1,4,2,1,0
563,3,24,2,3,1377,2,5,4,2,4,47,1,3,2,2,1
564,4,30,3,9,4272,2,3,2,3,2,26,2,2,2,1,1
565,2,24,3,3,1553,2,4,3,2,2,23,2,3,2,2,1
566,2,36,3,9,9857,2,4,1,3,2,31,2,2,1,2,1
567,4,6,4,0,362,2,3,4,2,3,52,2,2,2,1,1
568,4,12,4,2,1935,1,5,4,3,1,43,3,3,2,2,1
569,4,48,2,3,10222,5,4,4,3,3,37,1,3,2,2,1
570,3,12,2,0,1330,1,2,4,3,1,26,1,3,2,1,1
571,4,36,2,6,9055,5,3,2,3,4,35,1,2,1,2,1
572,2,26,2,1,7966,1,2,2,3,3,30,2,3,2,1,1
573,2,30,1,2,3496,4,3,4,3,3,34,1,3,1,2,1
574,2,36,2,1,6948,1,3,2,3,3,35,1,4,2,2,1
575,2,48,0,9,12204,5,3,2,3,3,48,1,4,2,2,1
576,1,36,2,2,3446,1,5,4,3,3,42,1,3,1,1,0
577,1,12,2,6,684,1,3,4,3,3,40,1,2,1,1,0
578,1,33,4,2,4281,3,3,1,2,3,23,2,3,2,1,0
579,1,42,2,3,7174,5,4,4,2,3,30,1,4,2,2,0
580,1,24,1,3,1546,1,4,4,3,3,24,1,2,2,1,0
581,1,24,2,2,2359,2,1,1,1,2,33,1,3,2,1,0
582,4,24,2,3,3621,2,5,2,3,3,31,2,3,2,1,0
583,1,12,2,4,741,2,1,4,2,2,22,1,3,2,1,0
584,1,12,2,2,7865,1,5,4,3,4,53,1,4,2,2,0
585,1,24,2,1,2910,1,4,2,3,4,34,1,4,2,2,1
586,1,18,4,0,5302,1,5,2,3,4,36,3,4,2,2,1
587,1,36,2,2,3620,1,3,1,3,2,37,1,3,1,1,1
588,1,18,2,3,3509,1,4,4,2,1,25,1,3,2,1,1
589,2,12,2,2,3017,1,2,3,2,1,34,1,4,2,1,1
590,1,12,2,2,1657,1,3,2,3,1,27,1,3,2,1,1
591,1,8,4,10,1164,1,5,3,3,4,51,2,4,1,2,1
592,1,36,4,2,6229,1,2,4,2,4,23,2,2,2,2,0
593,1,24,1,0,1193,1,1,1,2,4,29,2,1,2,1,0
594,1,30,0,2,4583,1,3,2,1,1,32,2,3,2,1,1
595,1,36,4,2,5371,1,3,3,3,2,28,2,3,2,1,1
596,1,12,2,2,708,1,3,2,3,2,38,1,2,1,1,1
597,1,21,4,0,571,1,5,4,3,1,65,2,3,2,1,1
598,1,30,2,3,2522,1,5,1,3,2,39,1,3,1,1,1
599,1,36,2,2,5179,1,4,4,3,2,29,1,3,2,1,0
600,1,36,2,1,8229,1,3,2,3,2,26,1,3,1,1,0
601,4,24,4,2,2028,1,4,2,3,2,30,2,2,2,1,1
602,1,6,2,0,1374,5,1,4,2,2,75,1,4,2,2,1
603,1,12,2,2,1289,1,3,4,3,2,21,1,2,2,1,1
604,1,36,2,2,2712,1,5,2,3,2,41,1,3,1,1,0
605,1,15,4,2,975,1,3,2,1,2,25,2,3,2,1,1
606,2,6,3,2,1050,1,1,4,3,2,35,2,4,2,2,1
607,1,6,4,0,609,1,4,4,2,2,37,2,3,2,1,1
608,1,48,2,1,4788,1,4,4,3,2,26,1,3,1,1,1
609,2,24,2,2,3069,2,5,4,3,4,30,1,3,2,1,1
610,2,12,2,0,836,2,2,4,2,2,23,1,2,2,1,0
611,1,12,2,2,2577,1,3,2,1,3,42,1,3,2,1,1
612,1,12,2,2,1620,1,3,2,2,2,30,1,3,2,1,1
613,1,15,2,2,1845,1,2,4,2,2,46,1,3,2,1,1
614,1,24,2,1,6579,1,1,4,3,4,29,1,4,2,2,1
615,1,12,2,0,1893,1,3,4,2,2,29,1,3,2,2,1
616,1,30,4,1,10623,1,5,3,3,4,38,3,4,1,2,1
617,1,18,2,0,2249,2,4,4,3,3,30,1,4,1,2,1
618,1,30,2,2,3108,1,2,2,1,2,31,1,2,2,1,0
619,2,12,4,0,958,1,4,2,3,1,47,2,2,1,1,1
620,4,24,2,1,9277,5,3,2,1,4,48,1,3,2,2,1
621,4,24,4,10,6314,1,1,4,3,4,27,2,4,2,2,1
622,1,12,4,1,1526,1,5,4,3,4,66,2,4,2,1,1
623,1,12,2,2,3590,1,3,2,3,2,29,1,2,1,1,1
624,1,24,4,1,6615,1,1,2,3,4,75,2,4,2,2,1
625,1,6,4,2,1872,1,1,4,3,4,36,3,4,2,2,1
626,4,12,2,0,2859,5,1,4,3,4,38,1,4,2,2,1
627,4,18,4,3,1582,4,5,4,3,3,46,2,3,2,1,1
628,4,6,2,8,1238,5,1,4,3,2,36,1,4,1,2,1
629,1,12,2,2,2578,1,1,3,2,4,55,1,4,2,1,1
630,1,15,4,2,1433,1,3,4,2,2,25,2,3,2,1,1
631,1,42,2,2,7882,1,4,2,3,2,45,1,3,1,1,1
632,1,24,2,2,4169,1,3,4,3,2,28,1,3,2,1,1
633,1,36,2,2,3959,1,1,4,3,2,30,1,4,2,2,1
634,1,36,2,0,3249,1,4,2,3,4,39,1,4,1,2,1
635,1,24,2,2,3149,1,2,4,3,4,22,1,3,2,1,1
636,1,12,4,2,2246,1,5,3,3,2,60,2,3,2,1,0
637,1,13,4,9,1797,1,2,3,3,2,28,2,2,2,1,1
638,1,20,4,2,4272,1,5,1,2,2,24,2,3,2,1,1
639,1,24,4,1,2957,1,5,4,3,2,63,2,3,2,2,1
640,1,36,4,2,2348,1,3,3,4,2,46,2,3,2,2,1
641,3,42,0,9,6289,1,2,2,1,2,33,2,3,2,1,1
642,1,24,4,1,6419,1,5,2,2,4,44,2,4,1,2,1
643,1,48,4,1,6143,1,5,4,2,4,58,2,2,2,1,0
644,4,24,4,6,1597,1,5,4,3,4,54,2,3,1,1,1
645,1,36,2,10,15857,1,1,2,1,3,43,1,4,2,1,1
646,4,24,4,3,2223,2,5,4,3,2,52,2,3,2,1,1
647,4,48,3,3,7238,5,5,3,3,3,32,2,3,1,1,1
648,2,30,3,9,2503,2,5,4,3,2,41,2,3,2,1,1
649,2,18,2,9,2622,2,3,4,3,3,34,1,3,2,1,1
650,2,24,2,2,4351,5,3,1,2,2,48,1,2,2,2,1
651,2,6,2,3,368,5,5,4,3,2,38,1,3,2,1,1
652,2,12,2,8,754,5,5,4,3,2,38,2,3,2,1,1
653,4,24,4,3,2424,5,5,4,3,2,53,2,3,2,1,1
654,2,48,3,9,6681,5,3,4,3,4,38,1,3,1,2,1
655,2,18,3,9,2427,5,5,4,3,2,42,2,3,2,1,1
656,2,24,4,3,1216,2,2,4,3,4,38,2,3,1,1,0
657,2,6,2,3,753,1,3,2,2,1,64,1,3,2,1,1
658,2,7,2,3,2576,1,3,2,3,1,35,1,3,2,1,1
659,2,6,2,3,590,1,2,3,4,1,26,1,2,2,1,1
660,2,8,2,3,1414,1,3,4,3,1,33,1,3,2,1,1
661,2,12,2,3,1103,1,4,4,3,1,29,2,3,2,1,1
662,2,12,3,3,585,1,3,4,4,1,20,2,3,2,1,1
663,2,6,2,3,1068,1,5,4,3,3,28,1,3,1,1,1
664,1,8,4,0,713,1,5,4,3,1,47,2,2,2,1,1
665,2,12,2,3,1092,1,3,4,2,1,49,2,3,2,2,1
666,2,7,2,3,2329,1,2,1,2,1,45,1,3,2,1,1
667,2,13,4,3,882,1,2,4,3,1,23,2,3,2,1,1
668,2,18,2,3,866,1,3,4,4,1,25,1,2,2,1,1
669,2,7,2,3,2415,1,3,3,3,1,34,1,3,2,1,1
670,2,13,2,3,2101,1,2,2,2,2,23,1,2,2,1,1
671,2,18,2,3,1301,1,5,4,4,1,32,1,2,2,1,1
672,2,18,2,3,1113,1,3,4,2,1,26,1,2,1,1,1
673,2,8,2,3,760,1,4,4,2,1,44,1,2,2,1,1
674,2,12,2,3,625,1,2,4,4,1,26,1,2,2,1,1
675,3,6,4,0,1323,2,5,2,1,3,28,2,3,1,2,1
676,1,9,4,3,1138,1,3,4,3,1,25,2,2,2,1,1
677,2,18,4,3,1795,1,5,3,2,1,48,2,2,2,2,1
678,2,15,4,3,2728,5,4,4,3,1,35,3,3,2,2,1
679,2,6,2,3,484,1,4,3,4,1,28,1,2,2,1,1
680,2,10,1,3,1048,1,3,4,3,1,23,1,2,2,1,1
681,2,12,2,3,1155,1,5,3,4,1,40,2,2,2,1,1
682,2,20,3,1,7057,5,4,3,3,2,36,2,4,1,2,1
683,2,15,4,3,1537,5,5,4,3,1,50,2,3,2,2,1
684,1,12,2,3,2214,1,3,4,3,2,24,1,2,2,1,1
685,4,24,4,2,1585,1,4,4,3,2,40,2,3,2,1,1
686,2,10,2,2,1521,1,3,4,1,3,31,1,2,2,1,1
687,2,36,1,4,3990,5,2,3,2,4,29,1,1,2,1,1
688,3,18,2,2,3049,1,2,1,2,2,45,1,2,2,1,1
689,1,24,2,3,1282,2,3,4,2,3,32,1,2,2,1,0
690,4,60,2,3,10144,2,4,2,2,1,21,1,3,2,2,1
691,1,12,2,0,1168,1,3,4,4,1,27,1,2,2,1,1
692,2,6,2,5,454,1,2,3,4,2,22,1,2,2,1,1
693,4,15,3,1,3594,1,2,1,2,2,46,2,2,2,1,1
694,4,12,2,2,1768,1,3,3,3,1,24,1,2,2,1,1
695,4,60,3,3,15653,1,4,2,3,3,21,2,3,2,2,1
696,3,12,3,0,2247,1,3,2,2,3,36,2,3,2,2,1
697,4,24,2,3,1413,1,3,4,4,2,28,1,3,2,1,1
698,2,45,4,1,4576,2,1,3,3,3,27,1,3,2,1,1
699,1,24,4,3,1231,4,5,4,2,2,57,2,4,2,2,1
700,1,36,2,1,8335,5,5,3,3,4,47,1,3,2,1,0
701,2,36,4,1,5800,1,3,3,3,3,34,2,3,2,2,1
702,1,18,3,6,8471,5,3,1,2,3,23,2,3,2,2,1
703,1,30,2,2,3622,4,5,4,2,2,57,2,3,2,2,1
704,1,6,4,3,1169,5,5,4,3,1,67,2,3,2,2,1
705,4,15,2,4,1262,3,4,4,3,2,36,2,3,2,2,1
706,3,24,4,2,3617,5,5,4,3,4,20,2,3,2,1,1
707,2,30,4,0,2181,5,5,4,3,1,36,2,3,2,1,1
708,1,48,1,9,7685,1,4,2,2,3,37,1,3,2,1,0
709,4,48,4,6,6110,1,3,1,3,4,31,1,3,2,2,1
710,4,24,2,0,3757,1,5,4,2,4,62,1,3,2,2,1
711,1,42,4,5,3394,1,1,4,3,3,65,2,1,2,1,1
712,4,36,4,9,6304,5,5,4,3,1,36,2,3,2,1,1
713,4,9,4,6,1244,5,5,4,2,2,41,2,2,2,1,1
714,4,6,2,0,3518,1,3,2,3,2,26,1,3,2,1,1
715,4,36,0,5,2613,1,3,4,3,3,27,2,3,2,1,1
716,1,48,2,6,7476,1,4,4,3,4,50,1,4,2,2,1
717,4,24,2,9,4591,4,3,2,3,2,54,3,4,2,2,0
718,2,18,2,2,1924,5,2,4,2,1,27,1,3,2,1,0
719,2,72,2,3,5595,2,3,2,4,3,24,1,3,2,1,0
720,2,48,3,6,6224,1,5,4,3,4,50,1,3,2,1,0
721,3,15,2,6,1905,1,5,4,3,3,40,1,4,2,2,1
722,4,21,3,1,2993,1,3,3,3,1,28,2,2,2,1,1
723,4,36,3,1,8947,5,4,3,3,3,31,1,4,1,2,1
724,1,24,2,2,4020,1,3,2,3,3,27,1,3,2,1,1
725,2,18,2,1,2779,1,3,1,4,3,21,1,3,2,2,1
726,4,21,2,0,2782,3,4,1,2,3,31,1,4,2,1,1
727,4,12,2,0,1884,1,5,4,3,3,39,1,4,2,2,1
728,4,36,4,1,11054,5,3,4,3,3,30,1,4,2,2,1
729,2,60,3,3,9157,5,3,2,3,4,27,1,4,2,1,1
730,2,42,1,1,9283,1,1,1,3,4,55,1,4,2,2,1
731,4,60,2,0,6527,5,3,4,3,4,34,1,3,1,2,1
732,4,15,4,1,3368,4,5,3,3,4,23,2,3,2,2,1
733,1,15,2,0,2511,1,1,1,2,3,23,1,3,2,1,1
734,1,36,2,1,5493,1,5,2,3,4,42,1,3,1,1,1
735,4,6,2,4,1338,3,3,1,1,1,62,1,3,2,1,1
736,2,9,2,3,1082,1,5,4,3,3,37,2,2,2,1,1
737,4,18,4,3,1149,4,3,4,3,1,46,2,3,2,1,1
738,2,15,2,5,1308,1,5,4,3,3,38,2,2,2,1,1
739,2,20,0,1,6148,2,5,3,4,3,31,2,3,2,2,1
740,4,12,2,2,1736,1,4,3,2,1,31,1,2,2,1,1
741,4,12,2,3,3059,4,4,2,1,1,61,1,2,2,1,1
742,1,24,2,2,2996,5,3,2,4,3,20,1,3,2,1,0
743,4,30,4,1,7596,5,5,1,3,3,63,2,3,2,1,1
744,4,30,2,1,4811,5,4,2,2,2,24,1,2,2,1,1
745,4,6,2,2,1766,1,3,1,4,2,21,1,3,2,1,1
746,2,24,2,1,2760,5,5,4,3,4,36,1,3,2,2,1
747,4,24,4,5,5507,1,5,3,3,4,44,2,3,2,1,1
748,2,9,2,6,1199,1,4,4,2,2,67,2,4,2,2,1
749,3,24,2,2,2892,1,5,3,1,4,51,1,3,2,1,1
750,2,36,3,0,2862,2,5,4,3,4,30,1,3,2,1,1
751,1,9,2,0,654,1,3,4,3,3,28,1,2,2,1,0
752,2,9,4,6,1136,4,5,4,3,4,32,2,3,1,1,0
753,2,24,2,1,4113,3,2,3,2,3,28,1,3,2,1,0
754,2,6,2,0,14555,5,1,1,3,2,23,1,1,2,2,0
755,1,15,0,0,950,1,5,4,3,3,33,2,3,1,1,0
756,1,24,4,0,1199,1,5,4,3,3,60,2,2,2,1,0
757,1,12,0,0,1082,1,3,4,3,3,48,2,3,2,1,0
758,2,30,2,0,2150,1,3,4,2,4,24,1,3,2,1,0
759,2,36,4,0,2820,1,2,4,1,3,27,2,3,2,1,0
760,2,48,2,3,3060,1,4,4,3,1,28,2,3,2,1,0
761,1,18,2,3,2600,1,3,4,3,4,65,2,3,2,1,0
762,4,21,0,0,5003,5,3,1,2,2,29,2,3,2,2,0
763,2,60,2,6,6288,1,3,4,3,4,42,1,3,2,1,0
764,4,24,3,0,2538,1,5,4,3,3,47,2,2,1,1,0
765,4,9,2,3,1478,1,4,4,3,3,22,1,3,2,1,0
766,2,39,4,3,4933,1,4,2,3,1,25,2,3,2,1,0
767,4,18,4,0,1530,1,3,3,3,2,32,2,3,2,1,0
768,2,9,1,0,1437,2,4,2,3,4,29,1,3,2,1,0
769,1,15,2,4,1275,5,3,4,2,3,24,1,3,2,1,0
770,1,24,2,3,1823,1,1,4,3,3,30,1,4,1,1,0
771,1,9,2,0,1422,1,2,3,3,4,27,1,4,2,2,0
772,1,18,2,4,1217,1,3,4,4,1,47,1,2,2,2,0
773,1,36,2,0,9271,1,4,2,3,3,24,1,3,2,2,0
774,1,36,3,9,2145,1,4,2,3,3,24,2,3,2,2,0
775,1,36,2,0,1842,1,2,4,2,3,34,1,3,2,2,0
776,2,18,3,2,4297,1,5,4,1,4,40,1,4,2,2,0
777,1,6,4,2,3384,1,3,1,1,1,44,1,4,2,2,0
778,2,18,4,3,1245,1,3,4,4,3,33,1,3,2,1,0
779,4,15,2,6,4623,2,3,3,3,2,40,1,4,2,2,0
780,2,30,4,2,8386,1,4,2,3,2,49,1,3,2,1,0
781,1,24,3,3,1024,1,2,4,4,1,48,1,3,2,1,0
782,2,36,2,0,14318,1,5,4,3,4,57,1,4,2,2,0
783,2,6,1,6,433,4,2,4,2,2,24,1,3,1,1,0
784,1,12,1,3,2149,1,3,4,1,4,29,1,3,2,1,0
785,4,24,2,3,2397,3,5,3,3,3,35,2,3,2,2,0
786,2,6,1,0,931,2,2,1,2,2,32,1,2,2,1,0
787,2,15,3,5,1512,4,3,3,4,2,61,2,3,2,1,0
788,2,24,0,9,4241,1,3,1,3,1,36,3,2,2,2,0
789,2,24,4,2,4736,1,2,2,2,3,25,1,2,2,1,0
790,2,15,0,0,1778,1,2,2,2,1,26,2,1,2,1,0
791,3,15,2,3,2327,1,2,2,2,1,25,1,2,2,1,0
792,1,24,1,2,6872,1,2,2,1,2,55,1,3,2,2,0
793,1,12,2,6,795,1,2,4,2,2,53,1,3,2,1,0
794,3,30,3,9,1908,1,5,4,3,1,66,1,4,2,2,0
795,2,36,0,9,1953,1,5,4,3,4,61,1,4,2,2,0
796,3,18,2,2,2864,1,3,2,3,1,34,1,2,1,1,0
797,3,21,4,6,2319,1,2,2,1,3,33,1,3,2,1,0
798,1,24,2,0,915,5,5,4,2,3,29,1,3,2,1,0
799,3,24,2,0,947,1,4,4,3,4,38,1,3,1,1,0
800,1,24,2,0,1381,5,3,4,2,2,35,1,3,2,1,0
801,1,24,2,0,1285,5,4,4,2,4,32,1,3,2,1,0
802,1,24,2,0,1371,5,3,4,2,1,25,1,3,2,1,0
803,2,18,2,0,1042,5,3,4,2,2,33,1,3,2,1,0
804,1,12,2,0,900,5,3,4,4,3,23,1,3,2,1,0
805,1,24,2,0,1207,1,2,4,2,2,24,1,3,2,1,0
806,2,18,0,0,2278,2,2,3,2,3,28,2,3,2,1,0
807,1,60,3,9,6836,1,5,3,3,4,63,2,3,2,2,0
808,1,24,2,2,3345,1,5,4,3,2,39,1,4,2,2,0
809,1,6,1,6,1198,1,5,4,2,4,35,1,3,2,1,0
810,2,48,2,9,15672,1,3,2,3,3,23,1,3,2,2,0
811,1,60,2,9,7297,1,5,4,3,4,36,1,3,2,1,0
812,4,18,2,5,1943,1,2,4,2,1,23,1,3,2,1,0
813,1,18,2,3,3190,1,3,2,2,1,24,1,3,2,1,0
814,2,9,1,1,5129,1,5,2,2,4,74,1,4,1,2,0
815,4,18,3,2,1808,1,4,4,2,1,22,1,3,2,1,0
816,3,10,2,0,1240,2,5,1,2,4,48,1,2,1,1,0
817,1,12,2,0,759,1,4,4,3,1,26,1,3,2,1,0
818,2,8,2,2,1237,1,3,3,2,1,24,1,3,2,1,0
819,4,9,2,2,1980,1,2,2,2,3,19,2,3,2,1,0
820,2,48,2,3,10961,4,4,1,3,4,27,2,3,2,2,0
821,1,36,3,6,6887,1,3,4,3,2,29,1,3,2,2,0
822,1,24,2,3,1938,1,2,4,1,2,32,1,3,2,1,0
823,1,21,2,3,1835,1,3,3,2,1,25,2,3,2,2,0
824,1,24,3,3,1659,1,2,4,2,3,29,1,2,2,2,0
825,2,6,3,0,1209,1,1,4,3,2,47,1,4,2,2,0
826,2,48,0,9,3844,2,4,4,3,4,34,1,2,1,1,0
827,1,12,4,0,4843,1,5,3,3,2,43,2,3,2,2,0
828,2,12,2,5,639,1,3,4,3,3,30,1,3,2,1,0
829,2,48,2,3,5951,1,3,2,2,1,22,1,3,2,1,0
830,2,36,0,3,3804,1,3,4,2,3,42,1,3,2,2,0
831,4,36,3,3,4463,1,3,4,3,3,26,2,4,2,2,0
832,4,36,3,9,7980,5,2,4,3,3,27,2,3,2,2,0
833,3,36,2,3,4210,1,3,4,3,3,26,1,3,2,1,0
834,4,6,2,2,4611,1,2,1,2,2,32,1,3,2,1,0
835,2,24,2,1,11560,1,3,1,2,3,23,2,4,2,1,0
836,4,18,0,9,4165,1,3,2,3,3,36,2,3,1,1,0
837,2,24,2,2,4057,1,4,3,1,3,43,1,3,2,2,0
838,4,18,1,0,6458,1,5,2,3,4,39,2,4,1,2,0
839,4,12,2,0,1386,3,3,2,2,2,26,1,3,2,1,0
840,1,36,2,6,1977,5,5,4,3,4,40,1,4,2,2,0
841,2,18,4,2,1928,1,2,2,3,1,31,2,2,2,1,0
842,4,12,2,2,1123,3,3,4,2,3,29,1,2,2,1,0
843,2,24,2,10,11328,1,3,2,3,3,29,2,4,2,2,0
844,2,24,4,10,11938,1,3,2,3,3,39,2,4,1,2,0
845,2,27,4,3,2520,3,3,4,3,2,23,2,2,2,1,0
846,2,30,3,3,1919,2,2,4,3,4,30,2,4,2,1,0
847,2,60,1,10,14782,2,5,3,2,4,60,2,4,2,2,0
848,2,36,2,3,2671,2,3,4,2,4,50,1,3,2,1,0
849,2,36,2,6,12612,2,3,1,3,4,47,1,3,1,2,0
850,2,45,2,3,3031,2,3,4,3,2,21,1,3,2,1,0
851,1,12,1,3,626,1,3,4,2,1,24,1,2,2,1,0
852,2,24,4,9,1935,1,5,4,1,1,31,2,3,2,2,0
853,3,24,4,0,1344,5,4,4,3,1,37,2,2,1,1,0
854,4,18,2,2,1533,1,2,4,4,2,43,1,2,1,1,0
855,1,48,2,0,3931,1,4,4,3,4,46,1,3,1,1,0
856,1,24,1,2,3349,3,2,4,3,4,30,1,3,1,2,0
857,1,36,2,3,2302,1,3,4,1,3,31,1,3,2,1,0
858,1,42,2,3,3965,1,2,4,3,3,34,1,3,2,1,0
859,1,12,2,3,727,2,2,4,4,4,33,1,2,2,2,0
860,4,48,2,9,3914,5,3,4,1,1,38,1,3,2,1,0
861,1,48,2,9,4308,1,2,3,2,2,24,1,3,2,1,0
862,2,12,2,3,1534,1,2,1,4,1,23,1,3,2,1,0
863,4,18,4,0,2775,1,4,2,3,2,31,2,3,2,1,0
864,1,40,4,6,5998,1,3,4,3,4,27,1,3,2,2,0
865,3,15,4,3,1271,5,3,3,3,4,39,2,3,2,2,0
866,2,12,2,0,1295,1,2,3,2,3,25,1,3,2,1,0
867,2,36,2,1,9398,1,2,1,4,3,28,1,4,2,2,0
868,2,12,2,2,951,2,2,4,2,3,27,4,3,2,1,0
869,2,24,2,0,1355,1,2,3,2,3,25,1,2,2,2,0
870,1,48,2,4,3051,1,3,3,3,3,54,1,3,2,1,0
871,4,36,4,0,7855,1,3,4,2,1,25,2,3,2,2,0
872,4,18,2,3,433,1,1,3,2,1,22,1,3,2,1,0
873,4,36,3,9,9572,1,2,1,1,3,28,2,3,2,1,0
874,2,24,1,6,1837,1,4,4,2,4,34,1,2,2,1,0
875,2,30,4,0,4249,1,1,4,4,3,28,2,4,2,1,0
876,2,30,4,0,5234,1,1,4,4,3,28,2,4,2,1,0
877,1,48,2,3,6758,1,3,3,2,3,31,1,3,2,2,0
878,1,9,2,3,1366,1,2,3,2,2,22,1,3,2,1,0
879,1,24,1,10,1358,5,5,4,3,3,40,1,4,2,2,0
880,1,18,2,2,2473,1,1,4,3,3,25,1,1,2,1,0
881,3,9,0,3,1337,1,2,4,3,3,34,2,4,2,2,0
882,1,48,2,0,7763,1,5,4,3,4,42,1,4,2,1,0
883,2,15,1,0,1264,2,3,2,4,2,25,1,3,2,1,0
884,2,15,2,0,2631,2,3,2,2,3,28,2,3,2,2,0
885,2,48,2,0,6560,2,4,3,3,2,24,1,3,2,1,0
886,1,24,2,0,3123,1,2,4,2,2,27,1,3,2,1,0
887,1,36,4,6,8065,1,3,3,2,4,25,2,4,2,2,0
888,1,24,2,3,2439,1,2,4,2,1,35,1,3,2,2,0
889,2,36,2,2,9034,2,2,4,3,4,29,1,4,2,2,0
890,2,60,2,0,14027,1,4,4,3,4,27,1,4,2,2,0
891,1,36,4,1,9629,1,4,4,3,3,24,2,3,2,2,0
892,2,12,2,3,1484,5,3,2,4,1,25,1,3,2,2,0
893,1,18,2,2,1131,1,1,4,2,3,33,1,3,2,1,0
894,2,24,3,2,2064,1,1,3,2,2,34,1,4,2,2,0
895,2,18,2,1,12976,1,1,3,2,4,38,1,4,2,2,0
896,4,21,3,9,2580,3,2,4,3,1,41,1,2,1,1,0
897,4,27,2,0,2570,1,3,3,2,1,21,1,3,2,1,0
898,2,27,2,9,3915,1,3,4,3,3,36,1,3,1,2,0
899,4,10,2,0,1309,5,3,4,3,2,27,1,2,2,1,0
900,1,24,2,0,4817,1,4,2,3,2,31,1,3,2,2,0
901,1,12,2,0,2579,1,2,4,3,1,33,1,2,1,1,0
902,2,36,3,0,2225,1,5,4,3,4,57,2,3,2,2,0
903,1,18,2,2,4153,1,3,2,3,3,42,1,3,2,1,0
904,1,18,0,2,3114,1,2,1,2,2,26,1,3,2,1,0
905,1,18,4,2,2124,1,3,4,2,1,24,2,3,2,1,0
906,1,18,1,2,1553,1,3,4,3,3,44,1,3,2,1,0
907,1,30,2,2,2406,1,4,4,2,1,23,1,3,2,1,0
908,1,24,3,0,1333,1,1,4,3,1,43,2,3,1,1,0
909,1,48,0,2,7119,1,3,3,3,4,53,2,3,1,1,0
910,1,24,3,0,4870,1,3,3,3,4,53,2,3,1,1,0
911,1,12,4,0,691,1,5,4,3,2,35,2,3,2,1,0
912,1,42,3,3,4370,1,4,3,3,2,26,2,3,1,2,0
913,1,36,1,2,2746,1,5,4,3,3,31,1,3,2,1,0
914,1,24,0,2,4110,1,5,3,3,4,23,2,3,1,1,0
915,1,18,2,2,2462,1,3,2,3,3,22,1,3,2,1,0
916,1,12,2,2,1282,1,3,2,2,3,20,1,3,2,1,0
917,2,12,0,2,2969,1,2,4,2,2,25,2,3,2,1,0
918,1,48,0,1,4605,1,5,3,3,4,24,2,3,1,1,0
919,1,48,4,1,6331,1,5,4,3,4,46,2,3,2,2,0
920,1,24,1,2,3552,1,4,3,3,3,27,1,3,2,1,0
921,1,12,1,0,697,1,2,4,3,3,46,2,3,2,2,0
922,1,24,2,0,1442,1,4,4,2,3,23,2,3,2,1,0
923,1,27,0,9,5293,1,1,2,3,2,50,2,3,2,2,0
924,1,21,3,6,3414,1,2,2,3,2,26,2,3,2,1,0
925,1,18,2,2,2039,1,3,1,2,1,20,1,3,2,1,0
926,1,24,1,9,3161,1,3,4,3,2,31,1,3,2,2,0
927,1,12,2,8,902,1,4,4,4,2,21,1,3,2,1,0
928,1,48,2,1,10297,1,4,4,3,4,39,3,3,1,2,0
929,2,48,0,9,14421,1,3,2,3,3,25,1,3,2,2,0
930,2,18,4,0,1056,1,5,3,3,1,30,2,3,2,1,0
931,1,12,2,0,1274,1,2,3,2,1,37,1,2,2,1,0
932,2,12,2,0,1223,1,5,1,1,1,46,2,3,2,1,0
933,1,12,2,0,1372,1,4,2,1,3,36,1,3,2,1,0
934,1,16,4,0,2625,1,5,2,3,2,43,1,3,2,2,0
935,1,20,4,0,2235,1,3,4,4,2,33,2,3,2,1,0
936,2,9,2,2,959,1,3,1,2,3,29,1,3,2,1,0
937,2,18,4,0,884,1,5,4,3,3,36,1,3,1,2,0
938,2,24,2,0,1246,1,2,4,3,1,23,1,2,2,1,0
939,2,36,3,0,8086,2,5,2,3,3,42,4,4,2,2,0
940,4,48,4,0,10127,3,3,2,3,4,44,1,3,2,1,0
941,2,12,2,0,888,1,5,4,3,3,41,1,2,1,1,0
942,4,12,2,6,719,1,5,4,3,3,41,1,2,1,1,0
943,2,36,2,0,12389,5,3,1,3,4,37,1,3,2,2,0
944,1,12,2,3,709,1,5,4,3,1,57,1,2,2,1,0
945,2,15,1,0,6850,2,1,1,3,2,34,1,4,1,2,0
946,4,10,2,2,2210,1,3,2,3,1,25,1,2,2,1,0
947,4,30,1,1,7485,5,1,4,2,1,53,1,4,2,2,0
948,1,18,1,0,1442,1,4,4,3,4,32,2,2,1,1,0
949,4,12,4,3,797,5,5,4,2,2,33,1,2,1,1,0
950,2,45,4,3,4746,1,2,4,3,2,24,2,2,2,1,0
951,3,12,4,0,939,3,4,4,4,1,28,3,3,2,2,0
952,2,21,2,9,1188,1,5,2,2,2,39,1,3,1,1,0
953,4,48,4,1,11590,2,3,2,2,3,24,2,2,2,1,0
954,3,12,1,9,609,1,2,4,2,1,26,1,1,2,1,0
955,1,18,4,5,1190,1,1,2,2,4,55,3,1,1,1,0
956,2,21,2,9,2767,2,5,4,1,3,61,2,2,2,1,0
957,2,30,2,2,3441,2,3,2,2,3,21,1,3,2,1,0
958,2,30,0,9,4280,2,3,4,2,3,26,2,2,2,1,0
959,2,24,2,3,3092,2,2,3,4,3,22,1,3,2,2,0
960,4,18,2,0,6761,5,3,2,3,3,68,2,3,2,1,0
961,2,12,2,3,1331,1,2,2,3,3,22,1,3,2,1,0
962,2,54,0,9,15945,1,2,3,3,4,58,1,3,2,2,0
963,1,24,2,2,3234,1,2,4,2,1,23,1,2,2,2,0
964,2,15,2,3,802,1,5,4,3,3,37,1,3,1,1,0
965,2,48,2,2,9960,1,2,1,2,3,26,1,3,2,2,0
966,4,24,3,9,8648,1,2,2,3,3,27,2,3,2,2,0
967,1,18,2,3,1345,1,3,4,4,1,26,1,3,2,1,0
968,1,45,2,3,1845,1,3,4,3,4,23,1,3,2,2,0
969,1,21,1,0,1647,5,3,4,3,2,40,2,2,1,1,0
970,4,48,2,9,4844,1,1,3,3,3,33,1,4,2,2,0
971,2,27,0,9,8318,1,5,2,2,4,42,2,4,2,2,0
972,3,18,2,3,2100,1,3,4,3,1,37,1,3,2,1,0
973,1,45,0,9,11816,1,5,2,3,3,29,2,3,2,1,0
974,1,6,2,6,448,1,2,4,2,2,23,1,3,2,1,0
975,1,30,2,5,11998,1,2,1,1,4,34,1,2,2,2,0
976,2,48,0,10,18424,1,3,1,2,2,32,1,4,2,2,0
977,1,6,2,0,14896,1,5,1,3,4,68,1,4,2,2,0
978,2,12,2,2,2762,5,5,1,2,2,25,1,3,2,2,0
979,1,12,2,1,3386,1,5,3,3,4,35,1,3,2,2,0
980,2,24,2,3,2039,1,2,1,4,2,22,1,3,2,2,0
981,4,18,3,9,2169,1,3,4,4,3,28,1,3,2,2,0
982,2,48,4,2,5096,1,3,2,2,3,30,1,4,2,2,0
983,1,18,2,3,1882,1,3,4,2,3,25,2,3,2,1,0
984,1,48,2,3,6999,1,4,1,4,1,34,2,3,2,2,0
985,4,12,4,9,2292,1,1,4,3,3,42,2,4,2,2,0
986,1,14,2,0,8978,1,5,1,1,2,45,1,4,2,2,0
987,1,12,2,3,674,2,4,4,4,2,20,1,3,2,1,0
988,1,18,2,0,976,1,2,1,2,3,23,1,2,2,1,0
989,2,24,2,0,2718,1,3,3,2,2,20,1,2,2,2,0
990,1,18,2,6,750,1,1,4,2,1,27,1,1,2,1,0
991,2,24,2,1,12579,1,5,4,2,4,44,1,4,2,2,0
992,1,18,2,1,7511,5,5,1,3,2,51,1,3,1,2,0
993,1,18,4,0,3966,1,5,1,2,1,33,3,3,2,2,0
994,1,12,0,3,6199,1,3,4,3,2,28,2,3,2,2,0
995,1,24,2,3,1987,1,3,2,3,1,21,1,2,1,1,0
996,1,24,2,0,2303,1,5,4,3,1,45,1,3,2,1,0
997,4,21,4,0,12680,5,5,4,3,4,30,1,4,2,2,0
998,2,12,2,3,6468,5,1,2,3,4,52,1,4,2,2,0
999,1,30,2,2,6350,5,5,4,3,2,31,1,3,2,1,0
